miRNA,Disease,Category,Evidence_class,Source_as_recorded,Reference_1,Reference_2,Study_type,Method,Validated_targets,Pathway_mechanism,Functional_role,Has_exact_sequence
miR-548a-3p,Colon cancer,Cancer,E1,HMDD,"[27](Wang, M. et al., 2022)",,In vitro,qRT/PCR Luciferase reporter assay,TPX2,Mitotic spindle / proliferation,Tumor suppressor,True
miR-548a-3p,Gastric cancer,Cancer,E1,,"[110](Chen, S. et al., 2020)",,In vitro,qRT/PCR,,,,True
miR-548a-3p,Periodontitis,Inflammatory diseases,E1,HMDD,"[74](Lee et al., 2011)",,In vitro,qRT/PCR,,,,True
miR-548a-3p,Chorioamnionitis,Inflammatory diseases,E1,HMDD,"[71](Son et al., 2019)",,Ex vivo/in silico/In Vitro,qRT/PCR,,,,True
miR-548a-3p,Hepatocellular carcinoma,Cancer,E1,,"[118](Habieb et al., 2019)",,Ex vivo,qRT/PCR,,,,True
miR-548a-3p,Prostate neoplasm,Cancer,E1,HMDD,"[144](Panebianco et al., 2021)",,In vitro,qRT/PCR,,,,True
miR-548a-5p,Hepatocellular carcinoma,Cancer,E1,,"[119](Zhao et al., 2016)",,In vitro,qRT/PCR Flow cytometry,,,,True
miR-548aa,Chorioamnionitis,Inflammatory diseases,E1,HMDD,"[71](Son et al., 2019)",,Ex vivo/in silico/In Vitro,qRT/PCR,,,,True
miR-548ac,Multiple sclerosis,Autoimmune diseases,E1,HMDD,"[29](Hecker et al., 2019)",,Ex vivo / In vitro / In silico,Patient PBMC qRT-PCR; allele-specific miRNA processing assay; miR-548ac overexpression; transcriptomic/microarray analysis; luciferase reporter assay,CD58 (genetic locus),Immune regulation,Immunoregulatory,True
miR-548ac,Laryngeal Carcinoma,Cancer,E1,HMDD,"[50](Song et al., 2020)",,In vitro,qRT/PCR Dual-luciferase reporter assay,,,,True
miR-548ac,Non-Small-Cell Lung Carcinoma,Cancer,E1,,"[94](He et al., 2020)",,In vitro,qRT/PCR Dual-luciferase reporter assay,,,,True
miR-548ac,Gastric cancer,Cancer,E1,,"[111](Chen et al., 2023)",,In vitro,qRT/PCR,,,,True
miR-548ac,Acute Myeloid Leukemia,Cancer,E1,HMDD,"[30](Zhao, C. et al., 2022)",,In vitro / Ex vivo,qRT-PCR; extracellular-vesicle isolation/transfer; miRNA mimic/inhibitor; dual-luciferase reporter assay; Western blot; colony-forming unit assay; TRIM28 rescue,TRIM28,TRIM28/STAT3 signaling; extracellular-vesicle-mediated hematopoietic regulation,,True
miR-548ac-3p,Multiple Sclerosis,Autoimmune diseases,E1,HMDD; HMDD,"[28](Hecker et al., 2015); [29](Hecker et al., 2019);",,In vitro,qRT/PCR eQTL analysis,,,,True
miR-548ad-5p,Acute Pancreatitis,Inflammatory diseases,E1,HMDD,"[78](Qu et al., 2023)",,Ex vivo In silico,qRT/PCR GO and KEGG analysis,,,,True
miR-548ag,Endometrial cancer,Cancer,E1,HMDD,"[140](Pang, H. et al., 2023)",,Ex vivo In vitro In silico,qRT/PCR Dual-luciferase reporter assay TargetScan11 and miRDB,,,,True
miR-548ah,Chronic Hepatitis B infection,Infectious diseases,E1,HMDD,"[31](Xing et al., 2014); [32](Xing et al., 2019)",,Ex vivo In vitro In silico,qRT/PCR Dual-luciferase reporter assay TargetScan11 and Kyoto encyclopedia,HDAC4,Epigenetic regulation of viral replication,Pro-viral,False
miR-548ah-3p,Hepatocellular carcinoma,Cancer,E1,HMDD,"[120](Wang, L. et al., 2022)",,In vivo Ex vivo In vitro,qRT/PCR,,,,True
miR-548ah-5p,Small Cell Lung Carcinoma,Cancer,E1,HMDD,"[101](Mo et al., 2020)",,In vitro In silico,qRT/PCR KEGG analysis,,,,True
miR-548ai,Chorioamnionitis,Inflammatory diseases,E1,HMDD,"[71](Son et al., 2019)",,Ex vivo/in silico/In Vitro,qRT/PCR,,,,True
miR-548ai,Prostate neoplasm,Cancer,E1,HMDD,"[145](Valera et al., 2020)",,Ex vivo,qRT/PCR,,,,True
miR-548an,Influenza A infection,Infectious diseases,E1,HMDD,"[24]Zheng et al., 2014","[33](Othumpangat et al., 2013)",In vivo In vitro,qRT/PCR Dual-luciferase reporter assay Inmunoprecipitation,NS1A-binding protein,Host antiviral response,Host regulator,True
miR-548an,Pancreatic cancer,Cancer,E1,HMDD,"[115](Zhu, et al., 2016)",,In vitro,qRT/PCR Flow cytometry,,,,True
miR-548am-5p,Early-Stage Colon Adenocarcinoma,Cancer,E1,HMDD,"[124](Liu, J. et al., 2017)",,Ex vivo In silico,qRT/PCR miRWalk,,,,True
miR-548ao-3p,Hypopharyngeal squamous cell carcinoma,Cancer,E1,HMDD,"[109](Yan, J. et al., 2020)",,Ex vivo In vitro,qRT/PCR Dual-luciferase reporter assay,,,,True
miR-548aq-5p,Non-Small-Cell Lung Carcinoma,Cancer,E1,HMDD,"[95](Ma et al., 2017)",,Ex vivo,qRT/PCR,,,,True
miR-548aq-5p,Breast cancer,Cancer,E1,HMDD,"[22]Yang B. et al., 2023",,Ex vivo,qRT/PCR,,,,True
miR-548ar-5p,Follicular Variant Papillary Thyroid Cancer,Cancer,E1,HMDD,"[147](Macerola et al., 2022)",,Ex vivo,nCounter expression essay qRT/PCR,,,,True
miR-548as-3p,Non-Small-Cell Lung Carcinoma,Cancer,E1,HMDD,"[93](Akgun et al., 2019)",,Ex vivo,ChiP-Seq qRT/PCR Dual-luciferase reporter assay,,,,True
miR-548at-5p,Asthma,Inflammatory diseases,E2,HMDD,"[86](Tian et al., 2021)",,In silico,miRDB miRTarBase Targetscan,,,,True
miR-548b,Colorectal cancer,Cancer,E1,HMDD,"[122](Xu, et al., 2020)",,Ex vivo In vitro,Flow cytometry qRT/PCR Dual-luciferase reporter assay,,,,False
miR-548b-3p,Breast cancer,Cancer,E1,HMDD,"[34](Sha, M. et al,. 2020)",,Ex vivo In vitro,qRT/PCR Dual-luciferase reporter assay,MDM2,p53 signaling pathway,Tumor suppressor,True
miR-548b-3p,Melanoma,Cancer,E1,HMDD,"[16](Feng, 2021)",,In vivo,qRT/PCR Dual-luciferase reporter assay,HMGB1,Inflammatory signaling,Tumor suppressor,True
miR-548b-3p,Non-Small-Cell Lung Carcinoma,Cancer,E1,HMDD,"[45](Wang, Z. et al., 2020)",,In vitro In vivo,qRT/PCR,,,,True
miR-548b-3p,Glioma,Cancer,E1,HMDD,"[103](Li, C. et al., 2022)",,Ex vivo In vitro,qRT/PCR Dual-luciferase reporter assay Inmunoprecipitation,,,,True
miR-548b-3p,Lung ischemia-reperfusion injury (LIRI),Inflammatory diseases,E1,HMDD,"[75](Elgharably et al., 2020)",,Ex vivo In silico,Illumina NGS / MiSeq qRT/PCR TargetScanHuman,,,,True
miR-548b-3p,Pulmonary tuberculosis,Infectious diseases,E1,HMDD,"[76](Wang et al., 2011)",,Ex vivo In silico,MiRNA microarray assay qRT/PCR TargetScan mRNA,,,,True
miR-548b-3p,Hepatocellular carcinoma,Cancer,E1,HMDD,"[121](Lin & Wang, 2018)",,Ex vivo In vitro,qRT/PCR Dual-luciferase reporter assay,,,,True
miR-548b-3p,Chronic Myeloid Leukemia,Cancer,E1,HMDD,"[130](Zhong, A. et al., 2021)",,Ex vivo In vitro,MiRNA microarray assay qRT/PCR Flow cytometry,,,,True
miR-548b-3p,Papillary Thyroid Cancer,Cancer,E1,HMDD,"[146](Feng et al., 2021)",,Ex vivo In vitro,qRT/PCR Dual-luciferase reporter assay,,,,True
miR-548b-3p,Head and neck squamous cell carcinoma,Cancer,E2,HMDD,"[89](Sass, S. et al., 2015",,In silico,TCGA data portal TargetScan,,,,True
miR-548b-3p,Colorectal cancer,Cancer,E1,HMDD,"[126](Duan & Qiu, 2022)",,Ex vivo In vitro,qRT/PCR,,,,True
miR-548b-5p,Head and neck squamous cell carcinoma,Cancer,E2,HMDD,"[89](Sass, S. et al., 2015",,In silico,TCGA data portal TargetScan,,,,True
miR-548b-5p,Colorectal cancer,Cancer,E1,HMDD,"[112](Li, C. et al., 2022)",,In vitro,FISH assay qRT/PCR,,,,True
miR-548b-5p,Breast cancer,Cancer,E1,HMDD; HMDD,"[23](Záveský et al., 2022); [126](Yan, C. et al., 2019)",,Ex vivo,qRT/PCR,,,,True
miR-548b-5p,Subacute Sclerosing Panencephalitis (SSPE),Infectious diseases,E1,Pubmed,"[30](Cakmak et al., 2018)",,Ex vivo,qRT/PCR,,,,True
miR-548b-5p,Malignant Astrocytoma,Cancer,E1,HMDD,"[75](Yang et al., 2013)",,Ex vivo,qRT/PCR,,,,True
miR-548b-5p,Primary central nervous system lymphoma (PCNSL),Cancer,E1,HMDD,"[123](Takashima et al.,2020)",,Ex vivo In silico,Microarrays qRT/PCR TargetScanHuman,,,,True
miR-548bb-3p,Gastric cancer,Cancer,E1,HMDD,"[92](Yu, S. et al., 2022)",,In vitro In vivo,Microarray assay qRT/PCR Dual-luciferase reporter assay,,,,True
miR-548bb-3p,Cancer,Cancer,E1,HMDD,"Hu et al., 2014 (PMID: 24556720)",Original article uses C2-miRNA/miR-548bb nomenclature; the mature miR-548bb-3p annotation is linked to PMID 24556720 in miRBase.,Ex vivo / In vitro / In vivo,RT-qPCR; NanoString; miRNA overexpression/inhibition; cell viability/apoptosis assays; mouse xenograft,,,,True
miR-548c-3p,Papillary thyroid carcinoma,Cancer,E1,HMDD,"[15]Liang et al., 2012 ; [146](Du, Y. et al., 2019)",,Ex vivo In vitro,qRT/PCR,HIF1A,Hypoxia signaling (HIF1α/VEGF axis),Tumor suppressor,True
miR-548c-3p,Triple negative Breast cancer,Cancer,E1,HMDD; HMDD,"[16]Feng, 2021 ; [135](Wang, X. et al., 2021); [136](Tormo, E. et al., 2015)",,Ex vivo In vitro In vivo,qRT/PCR Dual-luciferase reporter assay,E2F3,Cell cycle progression,Tumor suppressor,True
miR-548c-3p,Breast cancer,Cancer,E1,HMDD,"[131](Tan et al., 2020)",,In Vitro,qRT-PCR,E2F3,,,True
miR-548c-3p,Osteosarcoma,Cancer,E1,HMDD; HMDD,"[77](Yao et al., 2020); [78](Zheng et al., 2020)",,Ex vivo In Vitro,qRT/PCR Dual-luciferase reporter assay,,,,True
miR-548c-3p,Gastric cancer,Cancer,E1,HMDD,"[86](Li, B. et al., 2022)",,Ex vivo In vitro,qRT/PCR,,,,True
miR-548c-3p,Hepatocellular carcinoma,Cancer,E1,HMDD; HMDD,"[11](Chen et al., 2022); [101](Jin et al., 2020)",,In vivo,qRT/PCR Dual-luciferase reporter assay FISH,UBE2T LAMC2,,,True
miR-548c-3p,Gallbladder cancer,Cancer,E1,HMDD,"[107](Kong, L. et al., 2019)",,Ex vivo,qRT/PCR,,,,True
miR-548c-3p,Ovarian cancer,Cancer,E1,HMDD,"[137](Sun, X. et al., 2016)",,In vitro,qRT/PCR Dual-luciferase reporter assay,TWIST,,,True
miR-548c-3p,Prostate cancer,Cancer,E1,Pubmed,"[142](Saffari M. et al., 2019)",,Ex vivo,qRT/PCR,,,,True
miR-548c-5p,Colorectal cancer,Cancer,E1,HMDD; HMDD; HMDD; HMDD,"[26]Zhuo et al., 2018 ; [112](Li, C. et al., 2022); [113](Ge, J. et al., 2019); [114](Yan, S. et al., 2020); [115](Peng, Z. et al., 2019)",,In vitro In vivo,FISH assay qRT/PCR Dual-luciferase reporter assay,PGK1 HIF1A,Glycolysis / metabolic reprogramming Signal trasduction/regulate CDC42,Tumor suppressor,True
miR-548c-5p,Early-Stage Colon Adenocarcinoma,Cancer,E1,HMDD,"[109] (Liu, J. et al., 2017)",,Ex vivo In silico,qRT/PCR miRWalk,,,,True
miR-548c-5p,Preeclampsia,Inflammatory diseases,E1,HMDD,"[24]Zheng et al., 2014",,Ex vivo,qRT/PCR,PTPRO,Inflammatory signaling modulation,Anti-inflammatory,True
miR-548c-5p,Subacute Sclerosing Panencephalitis (SSPE),Infectious diseases,E1,HMDD,"[30](Cakmak et al., 2018)",,Ex vivo,qRT/PCR,,,,True
miR-548c-5p,Human T-cell Leukemia Virus II Infections,Infectious diseases,E1,HMDD,"[49](Pilotti et al., 2022)",,In vitro,qRT-PCR,,,,True
miR-548c-5p,Early-Stage Colon Adenocarcinoma,Cancer,E1,HMDD,"[109](Liu, J. et al., 2017)",,Ex vivo In silico,qRT/PCR miRWalk,,,,True
miR-548c-5p,Rectal cancer,Cancer,E1,HMDD,"[118](Du, B. et al., 2018)",,Ex vivo In silico,Microarray analysis miRWalk,,,,True
miR-548c-5p,Influenza A virus,Infectious diseases,E1,HMDD,"[48](Zabrodskaya et al., 2022)",,In vitro,qRT-PCR,,,,True
miR-548c-5p,Breast cancer,Cancer,E1,HMDD,"[17](He & Wang et al., 2020)",,In vitro,qRT-PCR,,,,True
miR-548d-3p,Osteosarcoma,Cancer,E1,HMDD,"[27]Zhang et al., 2019 ; [76](Chen et al., 2019)",,Ex vivo In vitro,Microarray analysis Dual/luciferase reporter assay qRT-PCR,KRAS,MAPK/ERK signaling,Tumor suppressor,True
miR-548d-3p,Gastric cancer,Cancer,E1,HMDD; HMDD; HMDD,"[87](Huang et al., 2022); [88](Liang et al., 2020); [92](Yu, S. et al., 2022)",,In vitro In vivo,Microarray assay qRT/PCR Dual-luciferase reporter assay,RSK4 KLF9,MAPK signaling regulation TPTEP1 regulates miR-548d-3p/KLF9/PER1 axis,Oncogenic,True
miR-548d-3p,Breast cancer,Cancer,E1,HMDD,"[23]Záveský et al., 2022 ; [127](Song et al., 2016)",,In vitro,qRT/PCR Dual-luciferase reporter assay,TP53BP2,Apoptosis regulation,Context-dependent,True
miR-548d-3p,American Tegumentary Leishmaniasis,Infectious diseases,E1,HMDD,"[20](Souza et al., 2021)",,Ex vivo In silico,qRT-PCR TargetScan DIANA-miRpath 3.0,,,,True
miR-548d-3p,Human Visceral Leishmaniasis,Infectious diseases,E1,Pubmed,"[12](Ramos-Sanchez et al., 2022)",,Ex vivo In silico,qRT-PCR TargetScan,,,,True
miR-548d-3p,Oral squamous cell carcinoma,Cancer,E1,HMDD,"[79](Tan et al., 2019)",,In vitro,qRT-PCR,SOCS5/SOCS6,JAK–STAT signaling pathway,,True
miR-548d-3p,Diffuse Large B-cell Lymphoma (DLBCL),Cancer,E1,HMDD,"[124](Ting, C. et al., 2022)",,Ex vivo,qRT-PCR,,,,True
miR-548d-3p,Flaviviridae virus infection,Infectious diseases,E2,Pubmed,"[54](Cayatineto & Hakim, 2024)",,In silico,miRBase /sequence alignments,,,,True
miR-548d,Medulloblastoma,Cancer,E1,HMDD,"[72](Lv et al., 2012)",,In vitro,qRT/PCR Dual-luciferase reporter assay,MYCC,,,False
miR-548d,Pancreatic cancer,Cancer,E1,HMDD,"[94](Heyn et al., 2012)",,In Vitro/In silico,Cell culture,,,,False
miR-548d-5p,Human T-cell Leukemia Virus II Infections,Infectious diseases,E1,HMDD,"[49](Pilotti et al., 2022)",,In vitro,qRT-PCR,,,,True
miR-548d-5p,Esophageal Cancer,Cancer,E1,HMDD,"[80](Hummel et al., 2011)",,In Vitro/In silico,qRT-PCR/microarrays,,,,True
miR-548d-5p,Acute Pancreatitis,Inflammatory diseases,E1,HMDD,"[44](Chen, Y. et al., 2021)",,Ex vivo,qRT-PCR,,,,True
miR-548d-5p,Rectal cancer,Cancer,E2,HMDD,"[118](Du, B. et al., 2018)",,In silico,,,,,True
miR-548e-3p,Rhinosinusitis,Inflammatory diseases,E1,HMDD,"[42](Xuan et al., 2019)",,Ex vivo,qRT-PCR DIANA-miRpath 3.0,,,,True
miR-548e-3p,Cystic Fibrosis by Pseudomonas,Infectious diseases,E1,HMDD,"[51](Fesen et al., 2019)",,Ex vivo In silico,qRT-PCR Ingenuity Pathway Analysis,,,,True
miR-548e-3p,Ovarian cancer,Cancer,E1,HMDD,"[138](Zhang, J. et al., 2020)",,In silico/In vitro/Ex vivo/in vivo,qRT-PCR/luciferase reporter/RNA Immunoprecipitation/xenograft model,CXCR4,,,True
miR-548e-5p,Behcet Syndrome,Autoimmune diseases,E1,Springer Nature,"[37](Hassouna et al., 2022)",,Ex vivo,qRT-PCR,,,,True
miR-548e-5p,"Non-Specific-Inflammation, especially preterm birth",Inflammatory diseases,E1,HMDD,"[50](Yang et al., 2019)",,In vitro In vivo,,,,,True
miR-548f-3p,Cystic Fibrosis by Pseudomonas,Infectious diseases,E1,HMDD,"[51](Fesen et al., 2019)",,Ex vivo In silico,qRT-PCR Ingenuity Pathway Analysis,,,,True
miR-548f-5p,Colorectal cancer,Cancer,E1,HMDD,"[116](Patil, N. et al., 2021)",,Ex vivo/In vitro/In silico,,,,,True
miR-548f,Endometrial cancer,Cancer,E1,HMDD,"[140](Ni et al., 2022)",,In vitro,,,,,False
miR-548g-3p,Dengue virus infection,Infectious diseases,E1,Pubmed,"[26]Zhuo et al., 2018","[55](Wen et al., 2015)",in Silico/In Vitro,,Viral replication factors,Viral replication inhibition,Antiviral,True
miR-548g-3p,Colorectal cancer,Cancer,E1,HMDD,"[116](Patil, N. et al., 2021)",,Ex vivo/In vitro/In silico,,,,,True
miR-548g,Esophageal Squamous Cell Carcinoma,Cancer,E1,HMDD,"[81](Takaki et al., 2021)",,Ex vivo In vitro,,,,,False
miR-548g,Gastric cancer,Cancer,E1,HMDD,"[89](Fang et al., 2019)",,Ex vivo/In vitro/In silico,qRT-PCR/ luciferase reporter/ RNA immuneprecipitation,RUNX1,,,False
miR-548h,Gastric cancer,Cancer,E1,HMDD; HMDD,"[91](Modesto et al., 2023); [92](Yu, S. et al., 2022)",,Ex vivo / In vitro In vivo,PCR / Microarray assay qRT-PCR Dual-luciferase reporter assay,,,,False
miR-548i,Subacute Sclerosing Panencephalitis (SSPE),Infectious diseases,E1,HMDD,"[30](Cakmak et al., 2018)",,Ex vivo,,,,,True
miR-548i,Hepatocellular carcinoma,Cancer,E1,HMDD,"[102](Jia et al., 2021)",,Ex vivo/In silico/In Vitro/In Vivo,qRT-PCR/xenograft model/Luciferase reporter,NFATC3,"JNK, c-Jun, AKT, and mTOR signaling pathways",,True
miR-548i,Colorectal cancer,Cancer,E1,HMDD,"[116](Patil, N. et al., 2021)",,Ex vivo/In vitro/In silico,,,,,True
miR-548i,Asthma,Inflammatory diseases,E1,Pubmed,"[53](Gil-Martínez et al., 2023)",,Ex vivo/In vitro,qPCR,,,,True
miR-548i,Early-Stage Colon Adenocarcinoma,Cancer,E1,HMDD,"[109](Liu, J. et al., 2017)",,Ex vivo In silico,qRT/PCR miRWalk,,,,True
miR-548j,Gastric cancer,Cancer,E1,HMDD,"[90](Landeros et al., 2021)",,In silico/Ex vivo,,,,,False
miR-548j-5p,Non-Small-Cell Lung Carcinoma,Cancer,E1,HMDD,"[68](Halvorsen et al., 2018)",,Ex vivo,qRT-PCR,,,,True
miR-548j-5p,Chronic Hepatitis B,Infectious diseases,E1,Pubmed,"[46](Yu et al., 2017)",,Ex vivo/In silico/,qRT-PCR/ luciferase reporter,,,,True
miR-548k,Breast cancer,Cancer,E1,HMDD; Pubmed,"[21]Yang W. et al., 2023 ; [128](Yadollahi et al., 2023); [129](Saberiyan et al., 2023)",,In silico/In vitro/Ex vivo,qRT-PCR,,,Oncogenic,True
miR-548k,Head and neck squamous cell carcinoma,Cancer,E1,HMDD,"[57](Veeramachaneni et al., 2019)",,Ex vivo/In vitro,No focus on MIR,,,,True
miR-548k,Laryngeal Carcinoma,Cancer,E1,HMDD,"[58](Kang et al., 2021)",,In silico/ In vitro,qRT-PCR,,,,True
miR-548k,Myasthenia Gravis,Autoimmune diseases,E1,HMDD,"[35](Li et al., 2018)",,In silico/Ex vivo/In vitro,Microarray/qRT-PCR/ luciferase reporter assay,CXCL13,,,True
miR-548k,Esophageal Squamous Cell Carcinoma,Cancer,E1,HMDD,"[82](Lin, J. et al., 2019)",,In Vitro/In Vivo,qRT-PCR/RNA Immunoprecipitation/xenograft model,lncRNA-LET,,,True
miR-548l,Non-Small-Cell Lung Carcinoma,Cancer,E1,HMDD,"[21](Yang et al., 2023); [64](Wang, X. et al., 2022)",,In Vitro/In silico,dual-luciferase reporter and RNA immunoprecipitation/qRT-PCR-Luciferase reporter-In Situ Hybridization,KPNA4/AGO1,/ PI3K/AKT/mTOR signaling pathway,,True
miR-548l,Neuroblastoma,Cancer,E1,HMDD,"[71](Jurcevic et al., 2022)",,In silico/In vivo,qPCR,,,,True
miR-548l,Bladder cancer,Cancer,E1,HMDD,"[108](Yang et al., 2020)",,Ex vivo/in Silico/In Vitro/In vivo,luciferase reporter/qRT-PCR,KIF2C,,,True
miR-548l-5p,Hepatocellular carcinoma,Cancer,E1,HMDD,"[103](Cai et al., 2017)",,in Silico/In Vitro/In vivo,qRT-PCR/microarrays/xenogrft model/Luciferase reporter,ST3GAL5,,,True
miR-548m,Hepatitis C infection,Infectious diseases,E1,HMDD,"[17]He & Wang, 2020 ; [18](Mekky et al., 2019)",,Ex vivo/In vitro,flow cytometry/qRT-PCR/luciferase reporter,CD81,Viral entry receptor regulation,Antiviral,True
miR-548m,Systemic Lupus Erythematosus,Autoimmune diseases,E1,HMDD,"[34](Yang et al., 2022)",,Ex vivo/In silico/In Vitro,luciferase reporter assay,PTEN,,,True
miR-548m,Glioma,Cancer,E1,HMDD,"[74](Li & Lan, 2023)",,In Vitro/In Vivo,knockdown/knockout?,MED31,,,True
miR-548m,Non-Hodgkin Lymphoma,Cancer,E1,HMDD,"[122](Lwin, T. et al., 2013)",,In vitro/ex vivo/In vivo,qRT-PCR/luciferase reporter assay,HDAC6,,,True
miR-548m,Breast cancer,Cancer,E1,HMDD,"[130](Wm Nor et al., 2021)",,in Silico/In Vitro,qRT-PCR/Dual-Luciferase Reporter,AHR,,,True
miR-548n,Breast cancer,Cancer,E1,HMDD,"[131](Tan et al., 2020)",,In Vitro,qRT-PCR,E2F3,,,True
miR-548o-3p,Mesangial Proliferative Glomerulonephritis,Autoimmune diseases,E1,HMDD,"[36](Dai et al., 2023)",,Ex vivo/In vitro,qRT-PCR/fluorescence in situ hybridization,,,,True
miR-548o-3p,Non-Small-Cell Lung Carcinoma,Cancer,E1,HMDD,"[25](Zheng et al., 2021)",,In silico/In Vivo,qrt-PCR/microarrays/xenogrft model,ROBO1,,,True
miR-548p,Breast cancer,Cancer,E1,HMDD,"[25]Zheng et al., 2021 ; [133](Huang, X. et al., 2023)",,In Vitro/In Vivo,"RNA pull-down, dual-luciferase reporter, and qRT-PCR/in vivo",Notch2,Notch signaling pathway,Oncogenic,True
miR-548p,Hepatocellular carcinoma,Cancer,E1,HMDD,"[16]Feng, 2021 ; [104](Wang, Y. et al., 2022); [105](Li, Z et al., 2022); [27](Zhang et al., 2019)",,In Vitro/in vivo,Dual-luciferase reporter-RNA immunoprecipitation-xenograft model/qRT-PCR-chromatin immunoprecipitation and luciferase activity assay/dual-luciferase reporter,TUFT1,EMT / metastasis,Oncogenic,True
miR-548q,Nasopharyngeal Carcinoma,Cancer,E1,HMDD,"[26](Zhuo et al., 2018); [24](Zheng et al., 2014)",,In silico/In Vitro,Microarrays/qRT-PCR,,,,True
miR-548q,Squamous Cell Carcinoma,Cancer,E1,HMDD,"[69](Singh, A. et al., 2022)",,Exvivo/In Vitro,qRT-PCR,,,,True
miR-548q,Multiple Myeloma,Cancer,E1,HMDD,"[121](Li et al., 2021)",,Ex vivo/In Vitro,Microarrays,,,,True
miR-548s,Pancreatic carcinoma,Cancer,E1,HMDD,"[95](Zhu, Y. et al., 2021",,Ex vivo/In Vitro,RNA-seq,,,,True
miR-548s-3p,Hepatocellular carcinoma,Cancer,E1,HMDD,"[106](Xu et al., 2022)",,In Vitro/In Vivo,qRT-PCR/xenograft model,,,,True
miR-548t-3p,Breast cancer,Cancer,E1,HMDD,"[134](Emmadi et al., 2015)",,In Vitro,Microarrays,,,,True
miR-548t-5p,Pancreatic carcinoma,Cancer,E1,HMDD,"[96](Ge, W. et al., 2020)",,In Vitro,luciferase reporter gene/chromatin immunoprecipitation (ChIP)/functional recovery assays,CXCL11,,,True
miR-548t-5p,Endometrial cancer,Cancer,E1,HMDD,"[141](Witek, L. et al., 2021)",,Ex vivo/In Vitro,Microarrays,,,,True
miR-548v,Non-Small-Cell Lung Carcinoma,Cancer,E1,Pubmed; HMDD; HMDD,"[65](Lin et al., 2018); [66](Xin et al., 2020); [67](Chen, G. et al., 2020)",,In silico; In silico; in silico/In Vitro,qRT-PCR,,,,True
miR-548x-5p,Chorioamnionitis,Inflammatory diseases,E1,HMDD,"[38](Son et al., 2019)",,Ex vivo/in silico/In Vitro,qRT-PCR,HMGB1,,,True
miR-548y,Multiple Myeloma,Cancer,E1,HMDD,"[121](Li et al., 2021)",,Ex vivo/In Vitro,Microarrays,,,,True
miR-548z,Gastric cancer,Cancer,E1,HMDD,"[92](Yu, S. et al., 2022)",,In vitro In vivo,Microarray assay qRT/PCR Dual-luciferase reporter assay,GKN1,,,True
